{
  "bytes": 35920441,
  "count_of_rows": 57421,
  "datahub": {
    "created": "2017-11-09T01:39:11.082123",
    "findability": "published",
    "flowid": "core/airport-codes/930",
    "modified": "2020-09-05T00:00:01.627544",
    "owner": "core",
    "ownerid": "core"
  },
  "hash": "ba83d7ef85aed0f4d6801dee52be43da",
  "homepage": "http://www.ourairports.com/",
  "id": "core/airport-codes",
  "licenses": [
    {
      "id": "odc-pddl",
      "name": "open_data_commons_public_domain_dedication_and_license_v1.0",
      "path": "http://opendatacommons.org/licenses/pddl/",
      "title": "Open Data Commons Public Domain Dedication and License v1.0"
    }
  ],
  "name": "airport-codes",
  "profile": "data-package",
  "resources": [
    {
      "bytes": 6211943,
      "count_of_rows": 57421,
      "datahub": {
        "type": "original"
      },
      "dialect": {
        "caseSensitiveHeader": false,
        "delimiter": ",",
        "doubleQuote": true,
        "header": true,
        "lineTerminator": "\r\n",
        "quoteChar": "\"",
        "skipInitialSpace": false
      },
      "dpp:streamedFrom": "https://s3.amazonaws.com/rawstore.datahub.io/dfadb79d7ba34a49242332f2eaf4f1b0.csv",
      "encoding": "ISO-8859-1",
      "format": "csv",
      "hash": "16aeb825521c13dee8273dcd47a72eca",
      "mediatype": "text/csv",
      "name": "airport-codes_original",
      "path": "archive/airport-codes.csv",
      "pathType": "local",
      "profile": "tabular-data-resource",
      "schema": {
        "fields": [
          {
            "format": "default",
            "name": "ident",
            "type": "string"
          },
          {
            "format": "default",
            "name": "type",
            "type": "string"
          },
          {
            "format": "default",
            "name": "name",
            "type": "string"
          },
          {
            "format": "default",
            "name": "elevation_ft",
            "type": "string"
          },
          {
            "format": "default",
            "name": "continent",
            "type": "string"
          },
          {
            "format": "default",
            "name": "iso_country",
            "type": "string"
          },
          {
            "format": "default",
            "name": "iso_region",
            "type": "string"
          },
          {
            "format": "default",
            "name": "municipality",
            "type": "string"
          },
          {
            "format": "default",
            "name": "gps_code",
            "type": "string"
          },
          {
            "format": "default",
            "name": "iata_code",
            "type": "string"
          },
          {
            "format": "default",
            "name": "local_code",
            "type": "string"
          },
          {
            "format": "default",
            "name": "coordinates",
            "type": "string"
          }
        ],
        "missingValues": [
          ""
        ]
      }
    },
    {
      "bytes": 709,
      "datahub": {
        "type": "derived/report"
      },
      "description": "Validation report for tabular data",
      "dpp:streamedFrom": "/tmp/tmplz_uwhct/core/airport-codes/validation_report/data/b6cc32a916f988746d20b52925d82774/validation_report.json",
      "format": "json",
      "hash": "b6cc32a916f988746d20b52925d82774",
      "name": "validation_report",
      "path": "data/validation_report.json",
      "profile": "data-resource"
    },
    {
      "bytes": 6232459,
      "count_of_rows": 57421,
      "datahub": {
        "derivedFrom": [
          "airport-codes"
        ],
        "type": "derived/csv"
      },
      "delimiter": ",",
      "dialect": {
        "caseSensitiveHeader": false,
        "delimiter": ",",
        "doubleQuote": true,
        "header": true,
        "lineTerminator": "\r\n",
        "quoteChar": "\"",
        "skipInitialSpace": false
      },
      "dpp:streamedFrom": "/tmp/tmplz_uwhct/core/airport-codes/airport-codes_csv/data/e07739e49300d125989ee543d5598c4b/airport-codes_csv.csv",
      "encoding": "utf-8",
      "format": "csv",
      "hash": "e07739e49300d125989ee543d5598c4b",
      "mediatype": "text/csv",
      "name": "airport-codes_csv",
      "path": "data/airport-codes_csv.csv",
      "pathType": "local",
      "profile": "tabular-data-resource",
      "quotechar": "\"",
      "rowcount": 57421,
      "schema": {
        "fields": [
          {
            "format": "default",
            "name": "ident",
            "type": "string"
          },
          {
            "format": "default",
            "name": "type",
            "type": "string"
          },
          {
            "format": "default",
            "name": "name",
            "type": "string"
          },
          {
            "format": "default",
            "name": "elevation_ft",
            "type": "string"
          },
          {
            "format": "default",
            "name": "continent",
            "type": "string"
          },
          {
            "format": "default",
            "name": "iso_country",
            "type": "string"
          },
          {
            "format": "default",
            "name": "iso_region",
            "type": "string"
          },
          {
            "format": "default",
            "name": "municipality",
            "type": "string"
          },
          {
            "format": "default",
            "name": "gps_code",
            "type": "string"
          },
          {
            "format": "default",
            "name": "iata_code",
            "type": "string"
          },
          {
            "format": "default",
            "name": "local_code",
            "type": "string"
          },
          {
            "format": "default",
            "name": "coordinates",
            "type": "string"
          }
        ],
        "missingValues": [
          ""
        ]
      },
      "signed": true
    },
    {
      "bytes": 17261388,
      "count_of_rows": 57421,
      "datahub": {
        "derivedFrom": [
          "airport-codes"
        ],
        "type": "derived/json"
      },
      "delimiter": ",",
      "dialect": {
        "caseSensitiveHeader": false,
        "delimiter": ",",
        "doubleQuote": true,
        "header": true,
        "lineTerminator": "\r\n",
        "quoteChar": "\"",
        "skipInitialSpace": false
      },
      "dpp:streamedFrom": "/tmp/tmplz_uwhct/core/airport-codes/airport-codes_json/data/9ca22195b4c64a562a0a8be8d133e700/airport-codes_json.json",
      "encoding": "utf-8",
      "format": "json",
      "hash": "9ca22195b4c64a562a0a8be8d133e700",
      "mediatype": "text/csv",
      "name": "airport-codes_json",
      "path": "data/airport-codes_json.json",
      "pathType": "local",
      "profile": "tabular-data-resource",
      "quotechar": "\"",
      "rowcount": 57421,
      "schema": {
        "fields": [
          {
            "format": "default",
            "name": "ident",
            "type": "string"
          },
          {
            "format": "default",
            "name": "type",
            "type": "string"
          },
          {
            "format": "default",
            "name": "name",
            "type": "string"
          },
          {
            "format": "default",
            "name": "elevation_ft",
            "type": "string"
          },
          {
            "format": "default",
            "name": "continent",
            "type": "string"
          },
          {
            "format": "default",
            "name": "iso_country",
            "type": "string"
          },
          {
            "format": "default",
            "name": "iso_region",
            "type": "string"
          },
          {
            "format": "default",
            "name": "municipality",
            "type": "string"
          },
          {
            "format": "default",
            "name": "gps_code",
            "type": "string"
          },
          {
            "format": "default",
            "name": "iata_code",
            "type": "string"
          },
          {
            "format": "default",
            "name": "local_code",
            "type": "string"
          },
          {
            "format": "default",
            "name": "coordinates",
            "type": "string"
          }
        ],
        "missingValues": [
          ""
        ]
      },
      "signed": true
    },
    {
      "bytes": 1999,
      "dpp:streamedFrom": "/tmp/tmpcitutvfd/README.md",
      "format": "md",
      "name": "readme",
      "path": "README.md"
    }
  ],
  "sources": [
    {
      "name": "Our Airports",
      "path": "http://ourairports.com/data/",
      "title": "Our Airports"
    }
  ],
  "title": "Airport Codes",
  "version": "0.2.0"
}